text,language,label,group,source_kind
"Срочно. Проводите переводы в интересах третьих лиц за вознаграждение, работа полностью удаленная. Пишите в личные сообщения.",ru,1,1-14,synthetic_from_official_risk_patterns
"Новая вакансия. Принимайте переводы на свою карту и сразу пересылайте их менеджеру, десять процентов оставляете себе. Подробности после отклика.",ru,1,1-0,synthetic_from_official_risk_patterns
"Финансовый помощник: распределяйте входящие суммы по нескольким счетам, обучение за пять минут. Подробности после отклика.",ru,1,1-19,synthetic_from_official_risk_patterns
"Удаленно. Принимайте переводы на свою карту и сразу пересылайте их менеджеру, десять процентов оставляете себе. Байланыс үшін хабарласыңыз.",ru,1,1-0,synthetic_from_official_risk_patterns
Хабарландыру: Менеджер по продажам консультирует клиентов и оформляет заказы только через корпоративную кассу.,ru,0,0-15,synthetic_from_official_risk_patterns
"Удаленно. Ищем курьера для доставки документов. Маршруты выдаются в приложении, наличные принимать не нужно. Подробности после отклика.",ru,0,0-5,synthetic_from_official_risk_patterns
"Срочно. Жеке картаңызға ақша қабылдап, оны менеджер көрсеткен шотқа аударыңыз. Әр төлемнен он пайыз аласыз. Байланыс үшін хабарласыңыз.",kk,1,1-20,synthetic_from_official_risk_patterns
Жұмыс ұсынысы. Удаленная работа переводчиком. Оплата по договору после сдачи согласованного объема текста. Подробности после отклика.,ru,0,0-6,synthetic_from_official_risk_patterns
"Хабарландыру: Нужно прогонять деньги через Kaspi и снимать наличные, происхождение средств обсуждать нельзя. Подробности после отклика.",ru,1,1-9,synthetic_from_official_risk_patterns
Новая вакансия. Нужен преподаватель математики. Обязанности: вести занятия и проверять домашние работы. Подробности после отклика.,ru,0,0-3,synthetic_from_official_risk_patterns
"Новая вакансия. Вакансия SMM-менеджера: контент-план, публикации и аналитика. Отбор по портфолио. Пишите в личные сообщения.",ru,0,0-9,synthetic_from_official_risk_patterns
"Банкоматтан ақшаны шешіп, куратор айтқан адамға тапсырыңыз.",kk,1,1-27,synthetic_from_official_risk_patterns
"Ищем платежного агента без опыта: деньги приходят вам, вы переводите дальше и сохраняете комиссию. Пишите в личные сообщения.",ru,1,1-12,synthetic_from_official_risk_patterns
Жұмыс ұсынысы. Стажер-разработчик будет исправлять ошибки в приложении и участвовать в код-ревью. Пишите в личные сообщения.,ru,0,0-17,synthetic_from_official_risk_patterns
"Новая вакансия. Стажировка аналитика: работа с таблицами, подготовка отчетов, договор и наставник со стороны компании. Пишите в личные сообщения.",ru,0,0-4,synthetic_from_official_risk_patterns
"Дүкенге кассир қажет. Ресми еңбек шарты, ауысымдық кесте және тұрақты жалақы бар. Байланыс үшін хабарласыңыз.",kk,0,0-21,synthetic_from_official_risk_patterns
Хабарландыру: Удаленная работа переводчиком. Оплата по договору после сдачи согласованного объема текста. Байланыс үшін хабарласыңыз.,ru,0,0-6,synthetic_from_official_risk_patterns
"Передайте доступ к интернет-банкингу, мы сами проведем операции и заплатим вечером.",ru,1,1-2,synthetic_from_official_risk_patterns
"Пришлите реквизиты карты, CVV и код подтверждения. Это нужно для подключения зарплатного проекта.",ru,1,1-15,synthetic_from_official_risk_patterns
Водитель компании работает на служебной машине и получает фиксированную ставку за смену.,ru,0,0-18,synthetic_from_official_risk_patterns
"Жұмыс ұсынысы. Ищем junior-дизайнера. Нужны портфолио, тестовое задание и собеседование с руководителем.",ru,0,0-0,synthetic_from_official_risk_patterns
"Удаленно. Подработка промоутером: раздача листовок два часа, расчет официально после смены. Байланыс үшін хабарласыңыз.",ru,0,0-19,synthetic_from_official_risk_patterns
"Удаленно. Банкоматтан ақшаны шешіп, куратор айтқан адамға тапсырыңыз. Пишите в личные сообщения.",kk,1,1-27,synthetic_from_official_risk_patterns
Қолдау операторы клиенттердің сұрақтарына CRM жүйесінде жауап береді. Пишите в личные сообщения.,kk,0,0-22,synthetic_from_official_risk_patterns
"Финансовый помощник: распределяйте входящие суммы по нескольким счетам, обучение за пять минут.",ru,1,1-19,synthetic_from_official_risk_patterns
Банк картаңызды жалға береміз деген ұсыныс: күнделікті табыс және ешқандай құжат жоқ.,kk,1,1-30,synthetic_from_official_risk_patterns
"Хабарландыру: Компания PIN, CVV, SMS кодын немесе банк қосымшасына кіруді сұрамайды. Подробности после отклика.",kk,0,0-26,synthetic_from_official_risk_patterns
"Нужен бариста с обучением. Зарплата фиксированная, адрес и БИН работодателя указаны в объявлении.",ru,0,0-11,synthetic_from_official_risk_patterns
"Жұмыс ұсынысы. Бағдарламашы тағылымдамасы: код жазу, қателерді түзету және командалық тексеру. Пишите в личные сообщения.",kk,0,0-30,synthetic_from_official_risk_patterns
Удаленно. Для верификации сотрудника отправьте SMS-код и фото банковской карты с двух сторон. Байланыс үшін хабарласыңыз.,ru,1,1-5,synthetic_from_official_risk_patterns
Хабарландыру: Қолдау операторы клиенттердің сұрақтарына CRM жүйесінде жауап береді.,kk,0,0-22,synthetic_from_official_risk_patterns
"Новая вакансия. Для оформления сотрудник предоставляет документы в отдел кадров, банковские пароли не требуются. Пишите в личные сообщения.",ru,0,0-16,synthetic_from_official_risk_patterns
"Новая вакансия. Подработка промоутером: раздача листовок два часа, расчет официально после смены. Подробности после отклика.",ru,0,0-19,synthetic_from_official_risk_patterns
Удаленно. Нужна ваша карта Kaspi на пару дней. За каждый входящий платеж получите процент.,ru,1,1-1,synthetic_from_official_risk_patterns
"Удаленно. Вакансия SMM-менеджера: контент-план, публикации и аналитика. Отбор по портфолио. Байланыс үшін хабарласыңыз.",ru,0,0-9,synthetic_from_official_risk_patterns
"Если банк спросит о переводах, скажите, что это личные расчеты. Не упоминайте работодателя. Байланыс үшін хабарласыңыз.",ru,1,1-17,synthetic_from_official_risk_patterns
"Удаленно. Вакансия оператора поддержки: отвечать клиентам в CRM, обучение проходит в офисе компании. Пишите в личные сообщения.",ru,0,0-2,synthetic_from_official_risk_patterns
"Промоутерге екі сағаттық жұмыс, төлем ауысым аяқталған соң ресми түрде беріледі. Подробности после отклика.",kk,0,0-31,synthetic_from_official_risk_patterns
"Срочно. Требуется кассир в магазин. Официальное трудоустройство, сменный график и фиксированный оклад. Пишите в личные сообщения.",ru,0,0-1,synthetic_from_official_risk_patterns
"SMM менеджердің міндеті: контент жоспарлау, жариялау және нәтижені талдау.",kk,0,0-28,synthetic_from_official_risk_patterns
"Жұмыс ұсынысы. Ресми келісімшарт қажет емес, тек белсенді картаңыз болса жеткілікті. Байланыс үшін хабарласыңыз.",kk,1,1-26,synthetic_from_official_risk_patterns
"Удаленно. Зарегистрируйте ИП и счет на себя, документы и управление будут у нашего бухгалтера. Байланыс үшін хабарласыңыз.",ru,1,1-13,synthetic_from_official_risk_patterns
После подписания трудового договора зарплата перечисляется работодателем один раз в месяц.,ru,0,0-8,synthetic_from_official_risk_patterns
"Жұмыс ұсынысы. Банк сұраса, аударымдар жеке төлемдер деп айтыңыз және жұмыс туралы айтпаңыз. Подробности после отклика.",kk,1,1-28,synthetic_from_official_risk_patterns
"Жұмыс ұсынысы. Требуется кассир в магазин. Официальное трудоустройство, сменный график и фиксированный оклад. Пишите в личные сообщения.",ru,0,0-1,synthetic_from_official_risk_patterns
"Хабарландыру: Банкоматтан ақшаны шешіп, куратор айтқан адамға тапсырыңыз.",kk,1,1-27,synthetic_from_official_risk_patterns
"Новая вакансия. Junior дизайнер іздейміз. Портфолио, тест тапсырмасы және сұхбат міндетті.",kk,0,0-20,synthetic_from_official_risk_patterns
"Хабарландыру: Стажировка аналитика: работа с таблицами, подготовка отчетов, договор и наставник со стороны компании.",ru,0,0-4,synthetic_from_official_risk_patterns
Срочно. После подписания трудового договора зарплата перечисляется работодателем один раз в месяц. Байланыс үшін хабарласыңыз.,ru,0,0-8,synthetic_from_official_risk_patterns
"Нужно прогонять деньги через Kaspi и снимать наличные, происхождение средств обсуждать нельзя.",ru,1,1-9,synthetic_from_official_risk_patterns
"Хабарландыру: SMM менеджердің міндеті: контент жоспарлау, жариялау және нәтижені талдау.",kk,0,0-28,synthetic_from_official_risk_patterns
"Удаленно. Нужен бариста с обучением. Зарплата фиксированная, адрес и БИН работодателя указаны в объявлении. Подробности после отклика.",ru,0,0-11,synthetic_from_official_risk_patterns
"Аналитик тағылымдамасы: кестелермен жұмыс, есеп дайындау және ресми келісімшарт.",kk,0,0-24,synthetic_from_official_risk_patterns
Новая вакансия. Для верификации сотрудника отправьте SMS-код и фото банковской карты с двух сторон. Байланыс үшін хабарласыңыз.,ru,1,1-5,synthetic_from_official_risk_patterns
Срочно. Оператор склада принимает товар по накладным и ведет учет в системе. Трудовой договор обязателен. Байланыс үшін хабарласыңыз.,ru,0,0-13,synthetic_from_official_risk_patterns
Жұмыс ұсынысы. Приведите двух друзей с банковскими картами и получите дополнительный бонус. Байланыс үшін хабарласыңыз.,ru,1,1-16,synthetic_from_official_risk_patterns
"Хабарландыру: Junior дизайнер іздейміз. Портфолио, тест тапсырмасы және сұхбат міндетті. Подробности после отклика.",kk,0,0-20,synthetic_from_official_risk_patterns
"Хабарландыру: Kaspi картаңызды бірнеше күнге беріңіз, күн сайын сыйақы төлейміз.",kk,1,1-21,synthetic_from_official_risk_patterns
"Срочно. Өз атыңызға жаңа шот ашып, логин мен құпиясөзді менеджерге беріңіз. Подробности после отклика.",kk,1,1-24,synthetic_from_official_risk_patterns
Еңбек шартына қол қойылғаннан кейін жалақы айына бір рет төленеді.,kk,0,0-27,synthetic_from_official_risk_patterns
"Принимайте переводы на свою карту и сразу пересылайте их менеджеру, десять процентов оставляете себе.",ru,1,1-0,synthetic_from_official_risk_patterns
"CVV мен SMS кодын жіберіңіз, сонда жалақы жүйесіне қосамыз. Байланыс үшін хабарласыңыз.",kk,1,1-31,synthetic_from_official_risk_patterns
"Стажировка аналитика: работа с таблицами, подготовка отчетов, договор и наставник со стороны компании.",ru,0,0-4,synthetic_from_official_risk_patterns
"Ищем платежного агента без опыта: деньги приходят вам, вы переводите дальше и сохраняете комиссию.",ru,1,1-12,synthetic_from_official_risk_patterns
"Новая вакансия. Сіздің міндетіңіз: түскен ақшаны басқа адамдарға аудару, әр операциядан комиссия аласыз. Байланыс үшін хабарласыңыз.",kk,1,1-25,synthetic_from_official_risk_patterns
"Жұмыс ұсынысы. Подтвердите вход в приложение кодом из SMS, после этого начнется оплачиваемая стажировка. Подробности после отклика.",ru,1,1-18,synthetic_from_official_risk_patterns
"Жұмыс ұсынысы. Пришлите реквизиты карты, CVV и код подтверждения. Это нужно для подключения зарплатного проекта.",ru,1,1-15,synthetic_from_official_risk_patterns
Срочно. Водитель компании работает на служебной машине и получает фиксированную ставку за смену. Подробности после отклика.,ru,0,0-18,synthetic_from_official_risk_patterns
"Хабарландыру: Аналитик тағылымдамасы: кестелермен жұмыс, есеп дайындау және ресми келісімшарт. Байланыс үшін хабарласыңыз.",kk,0,0-24,synthetic_from_official_risk_patterns
"Жұмыс ұсынысы. Промоутерге екі сағаттық жұмыс, төлем ауысым аяқталған соң ресми түрде беріледі. Пишите в личные сообщения.",kk,0,0-31,synthetic_from_official_risk_patterns
Срочно. Для верификации сотрудника отправьте SMS-код и фото банковской карты с двух сторон. Подробности после отклика.,ru,1,1-5,synthetic_from_official_risk_patterns
"Хабарландыру: Ассистент проекта будет вести календарь, готовить документы и протоколы встреч. Пишите в личные сообщения.",ru,0,0-10,synthetic_from_official_risk_patterns
Новая вакансия. Қолдау операторы клиенттердің сұрақтарына CRM жүйесінде жауап береді. Подробности после отклика.,kk,0,0-22,synthetic_from_official_risk_patterns
"Қойма операторы тауарды құжат бойынша қабылдап, жүйеде есеп жүргізеді.",kk,0,0-29,synthetic_from_official_risk_patterns
"Компания PIN, CVV, SMS кодын немесе банк қосымшасына кіруді сұрамайды.",kk,0,0-26,synthetic_from_official_risk_patterns
Приведите двух друзей с банковскими картами и получите дополнительный бонус.,ru,1,1-16,synthetic_from_official_risk_patterns
"Новая вакансия. Нужно прогонять деньги через Kaspi и снимать наличные, происхождение средств обсуждать нельзя.",ru,1,1-9,synthetic_from_official_risk_patterns
Срочно. Работа курьером: забираете наличные по адресам и вносите их на чужие карты. Подробности после отклика.,ru,1,1-4,synthetic_from_official_risk_patterns
"Хабарландыру: Өз атыңызға жаңа шот ашып, логин мен құпиясөзді менеджерге беріңіз.",kk,1,1-24,synthetic_from_official_risk_patterns
"Хабарландыру: Компания не просит PIN, CVV, SMS-коды или доступ к личному банковскому приложению.",ru,0,0-7,synthetic_from_official_risk_patterns
"Вакансия SMM-менеджера: контент-план, публикации и аналитика. Отбор по портфолио.",ru,0,0-9,synthetic_from_official_risk_patterns
Срочно. После подписания трудового договора зарплата перечисляется работодателем один раз в месяц. Подробности после отклика.,ru,0,0-8,synthetic_from_official_risk_patterns
Оформление не требуется. Главное требование: активная карта и быстрые ответы менеджеру.,ru,1,1-8,synthetic_from_official_risk_patterns
"Kaspi картаңызды бірнеше күнге беріңіз, күн сайын сыйақы төлейміз.",kk,1,1-21,synthetic_from_official_risk_patterns
"Подработка промоутером: раздача листовок два часа, расчет официально после смены.",ru,0,0-19,synthetic_from_official_risk_patterns
Стажер-разработчик будет исправлять ошибки в приложении и участвовать в код-ревью.,ru,0,0-17,synthetic_from_official_risk_patterns
Ищем фотографа на один день. Оплата после съемки по договору оказания услуг.,ru,0,0-14,synthetic_from_official_risk_patterns
"Удаленно. Kaspi картаңызды бірнеше күнге беріңіз, күн сайын сыйақы төлейміз. Пишите в личные сообщения.",kk,1,1-21,synthetic_from_official_risk_patterns
"Дүкенге кассир қажет. Ресми еңбек шарты, ауысымдық кесте және тұрақты жалақы бар.",kk,0,0-21,synthetic_from_official_risk_patterns
Оператор склада принимает товар по накладным и ведет учет в системе. Трудовой договор обязателен.,ru,0,0-13,synthetic_from_official_risk_patterns
"Новая вакансия. Снимайте поступившие деньги в банкомате и отдавайте человеку, которого назовет куратор. Подробности после отклика.",ru,1,1-10,synthetic_from_official_risk_patterns
Новая вакансия. Ищем фотографа на один день. Оплата после съемки по договору оказания услуг. Пишите в личные сообщения.,ru,0,0-14,synthetic_from_official_risk_patterns
Работа курьером: забираете наличные по адресам и вносите их на чужие карты.,ru,1,1-4,synthetic_from_official_risk_patterns
"Срочно. Junior дизайнер іздейміз. Портфолио, тест тапсырмасы және сұхбат міндетті. Пишите в личные сообщения.",kk,0,0-20,synthetic_from_official_risk_patterns
"Требуется кассир в магазин. Официальное трудоустройство, сменный график и фиксированный оклад.",ru,0,0-1,synthetic_from_official_risk_patterns
"Ищем курьера для доставки документов. Маршруты выдаются в приложении, наличные принимать не нужно. Пишите в личные сообщения.",ru,0,0-5,synthetic_from_official_risk_patterns
Хабарландыру: Оформление не требуется. Главное требование: активная карта и быстрые ответы менеджеру. Подробности после отклика.,ru,1,1-8,synthetic_from_official_risk_patterns
Срочно. Аудармашыға қашықтан жұмыс. Төлем келісімшарт бойынша орындалған мәтін үшін жасалады. Байланыс үшін хабарласыңыз.,kk,0,0-25,synthetic_from_official_risk_patterns
"Снимайте поступившие деньги в банкомате и отдавайте человеку, которого назовет куратор.",ru,1,1-10,synthetic_from_official_risk_patterns
"Жұмыс ұсынысы. Қойма операторы тауарды құжат бойынша қабылдап, жүйеде есеп жүргізеді. Подробности после отклика.",kk,0,0-29,synthetic_from_official_risk_patterns
"Новая вакансия. Компания не просит PIN, CVV, SMS-коды или доступ к личному банковскому приложению. Пишите в личные сообщения.",ru,0,0-7,synthetic_from_official_risk_patterns
"Жұмыс ұсынысы. Сіздің міндетіңіз: түскен ақшаны басқа адамдарға аудару, әр операциядан комиссия аласыз.",kk,1,1-25,synthetic_from_official_risk_patterns
"Получайте деньги от клиентов на личный счет, затем отправляйте их по указанным реквизитам. Байланыс үшін хабарласыңыз.",ru,1,1-3,synthetic_from_official_risk_patterns
"Удаленно. SMM менеджердің міндеті: контент жоспарлау, жариялау және нәтижені талдау.",kk,0,0-28,synthetic_from_official_risk_patterns
"Пришлите реквизиты карты, CVV и код подтверждения. Это нужно для подключения зарплатного проекта. Подробности после отклика.",ru,1,1-15,synthetic_from_official_risk_patterns
"Жұмыс ұсынысы. Нужен бариста с обучением. Зарплата фиксированная, адрес и БИН работодателя указаны в объявлении. Подробности после отклика.",ru,0,0-11,synthetic_from_official_risk_patterns
"Ассистент проекта будет вести календарь, готовить документы и протоколы встреч. Подробности после отклика.",ru,0,0-10,synthetic_from_official_risk_patterns
"Жұмыс ұсынысы. CVV мен SMS кодын жіберіңіз, сонда жалақы жүйесіне қосамыз. Пишите в личные сообщения.",kk,1,1-31,synthetic_from_official_risk_patterns
"Срочно. Зарегистрируйте ИП и счет на себя, документы и управление будут у нашего бухгалтера. Подробности после отклика.",ru,1,1-13,synthetic_from_official_risk_patterns
"Тәжірибесіз төлем агенті қажет: ақша сізге түседі, кейін басқа шотқа жібересіз.",kk,1,1-29,synthetic_from_official_risk_patterns
Удаленно. Откройте новый банковский счет на свое имя и передайте логин куратору. Байланыс үшін хабарласыңыз.,ru,1,1-6,synthetic_from_official_risk_patterns
"Срочно. Тәжірибесіз төлем агенті қажет: ақша сізге түседі, кейін басқа шотқа жібересіз. Байланыс үшін хабарласыңыз.",kk,1,1-29,synthetic_from_official_risk_patterns
Удаленно. Жұмыс үшін SMS кодын және банк картасының екі жағының суретін жіберу керек. Подробности после отклика.,kk,1,1-23,synthetic_from_official_risk_patterns
Хабарландыру: Водитель компании работает на служебной машине и получает фиксированную ставку за смену. Байланыс үшін хабарласыңыз.,ru,0,0-18,synthetic_from_official_risk_patterns
"Удаленно. Ищем junior-дизайнера. Нужны портфолио, тестовое задание и собеседование с руководителем. Байланыс үшін хабарласыңыз.",ru,0,0-0,synthetic_from_official_risk_patterns
"Удаленно. Аналитик тағылымдамасы: кестелермен жұмыс, есеп дайындау және ресми келісімшарт. Подробности после отклика.",kk,0,0-24,synthetic_from_official_risk_patterns
"Жұмыс ұсынысы. Для оформления сотрудник предоставляет документы в отдел кадров, банковские пароли не требуются. Байланыс үшін хабарласыңыз.",ru,0,0-16,synthetic_from_official_risk_patterns
"Жұмыс ұсынысы. Нужно прогонять деньги через Kaspi и снимать наличные, происхождение средств обсуждать нельзя. Пишите в личные сообщения.",ru,1,1-9,synthetic_from_official_risk_patterns
"Новая вакансия. Қойма операторы тауарды құжат бойынша қабылдап, жүйеде есеп жүргізеді. Байланыс үшін хабарласыңыз.",kk,0,0-29,synthetic_from_official_risk_patterns
"Хабарландыру: Передайте доступ к интернет-банкингу, мы сами проведем операции и заплатим вечером. Подробности после отклика.",ru,1,1-2,synthetic_from_official_risk_patterns
"Если банк спросит о переводах, скажите, что это личные расчеты. Не упоминайте работодателя. Пишите в личные сообщения.",ru,1,1-17,synthetic_from_official_risk_patterns
Жұмыс үшін SMS кодын және банк картасының екі жағының суретін жіберу керек. Байланыс үшін хабарласыңыз.,kk,1,1-23,synthetic_from_official_risk_patterns
Хабарландыру: После подписания трудового договора зарплата перечисляется работодателем один раз в месяц. Пишите в личные сообщения.,ru,0,0-8,synthetic_from_official_risk_patterns
Нужна ваша карта Kaspi на пару дней. За каждый входящий платеж получите процент.,ru,1,1-1,synthetic_from_official_risk_patterns
"Срочно. Жеке картаңызға ақша қабылдап, оны менеджер көрсеткен шотқа аударыңыз. Әр төлемнен он пайыз аласыз. Пишите в личные сообщения.",kk,1,1-20,synthetic_from_official_risk_patterns
"Компания не просит PIN, CVV, SMS-коды или доступ к личному банковскому приложению.",ru,0,0-7,synthetic_from_official_risk_patterns
Срочно. Водитель компании работает на служебной машине и получает фиксированную ставку за смену.,ru,0,0-18,synthetic_from_official_risk_patterns
"Хабарландыру: Тәжірибесіз төлем агенті қажет: ақша сізге түседі, кейін басқа шотқа жібересіз. Байланыс үшін хабарласыңыз.",kk,1,1-29,synthetic_from_official_risk_patterns
"Работа волонтером на городском мероприятии, без финансовых операций и доступа к банковским данным.",ru,0,0-12,synthetic_from_official_risk_patterns
"Жұмыс ұсынысы. Работа волонтером на городском мероприятии, без финансовых операций и доступа к банковским данным.",ru,0,0-12,synthetic_from_official_risk_patterns
Оплата составляет пять процентов от оборота. Ваша задача принимать и дробить платежи.,ru,1,1-7,synthetic_from_official_risk_patterns
Срочно. Ищем фотографа на один день. Оплата после съемки по договору оказания услуг. Подробности после отклика.,ru,0,0-14,synthetic_from_official_risk_patterns
"Удаленно. Тәжірибесіз төлем агенті қажет: ақша сізге түседі, кейін басқа шотқа жібересіз. Пишите в личные сообщения.",kk,1,1-29,synthetic_from_official_risk_patterns
Срочно. Банк картаңызды жалға береміз деген ұсыныс: күнделікті табыс және ешқандай құжат жоқ. Байланыс үшін хабарласыңыз.,kk,1,1-30,synthetic_from_official_risk_patterns
Удаленно. Оформление не требуется. Главное требование: активная карта и быстрые ответы менеджеру. Подробности после отклика.,ru,1,1-8,synthetic_from_official_risk_patterns
Жұмыс ұсынысы. Аудармашыға қашықтан жұмыс. Төлем келісімшарт бойынша орындалған мәтін үшін жасалады. Подробности после отклика.,kk,0,0-25,synthetic_from_official_risk_patterns
"Срочно. Интернет-банкингке кіру деректерін кураторға жіберіңіз, операцияларды өзіміз жасаймыз. Байланыс үшін хабарласыңыз.",kk,1,1-22,synthetic_from_official_risk_patterns
"Срочно. Ищем платежного агента без опыта: деньги приходят вам, вы переводите дальше и сохраняете комиссию.",ru,1,1-12,synthetic_from_official_risk_patterns
"Ищем курьера для доставки документов. Маршруты выдаются в приложении, наличные принимать не нужно.",ru,0,0-5,synthetic_from_official_risk_patterns
"Жұмыс ұсынысы. Бағдарламашы тағылымдамасы: код жазу, қателерді түзету және командалық тексеру. Подробности после отклика.",kk,0,0-30,synthetic_from_official_risk_patterns
"Новая вакансия. CVV мен SMS кодын жіберіңіз, сонда жалақы жүйесіне қосамыз. Пишите в личные сообщения.",kk,1,1-31,synthetic_from_official_risk_patterns
Новая вакансия. Приведите двух друзей с банковскими картами и получите дополнительный бонус. Байланыс үшін хабарласыңыз.,ru,1,1-16,synthetic_from_official_risk_patterns
"Промоутерге екі сағаттық жұмыс, төлем ауысым аяқталған соң ресми түрде беріледі.",kk,0,0-31,synthetic_from_official_risk_patterns
"Если банк спросит о переводах, скажите, что это личные расчеты. Не упоминайте работодателя.",ru,1,1-17,synthetic_from_official_risk_patterns
"Удаленно. Промоутерге екі сағаттық жұмыс, төлем ауысым аяқталған соң ресми түрде беріледі.",kk,0,0-31,synthetic_from_official_risk_patterns
Удаленно. Нужна ваша карта Kaspi на пару дней. За каждый входящий платеж получите процент. Подробности после отклика.,ru,1,1-1,synthetic_from_official_risk_patterns
"Новая вакансия. Стажировка аналитика: работа с таблицами, подготовка отчетов, договор и наставник со стороны компании. Подробности после отклика.",ru,0,0-4,synthetic_from_official_risk_patterns
"Удаленно. Передайте доступ к интернет-банкингу, мы сами проведем операции и заплатим вечером. Подробности после отклика.",ru,1,1-2,synthetic_from_official_risk_patterns
"Получайте деньги от клиентов на личный счет, затем отправляйте их по указанным реквизитам.",ru,1,1-3,synthetic_from_official_risk_patterns
Хабарландыру: Оформление не требуется. Главное требование: активная карта и быстрые ответы менеджеру. Пишите в личные сообщения.,ru,1,1-8,synthetic_from_official_risk_patterns
Удаленная работа переводчиком. Оплата по договору после сдачи согласованного объема текста.,ru,0,0-6,synthetic_from_official_risk_patterns
"Банк сұраса, аударымдар жеке төлемдер деп айтыңыз және жұмыс туралы айтпаңыз.",kk,1,1-28,synthetic_from_official_risk_patterns
"Удаленно. Снимайте поступившие деньги в банкомате и отдавайте человеку, которого назовет куратор. Подробности после отклика.",ru,1,1-10,synthetic_from_official_risk_patterns
"Хабарландыру: Снимайте поступившие деньги в банкомате и отдавайте человеку, которого назовет куратор. Пишите в личные сообщения.",ru,1,1-10,synthetic_from_official_risk_patterns
Срочно. Математика мұғалімі қажет. Міндеті: сабақ өткізу және үй тапсырмасын тексеру. Байланыс үшін хабарласыңыз.,kk,0,0-23,synthetic_from_official_risk_patterns
Жұмыс ұсынысы. Еңбек шартына қол қойылғаннан кейін жалақы айына бір рет төленеді.,kk,0,0-27,synthetic_from_official_risk_patterns
Срочно. Работа курьером: забираете наличные по адресам и вносите их на чужие карты.,ru,1,1-4,synthetic_from_official_risk_patterns
"Новая вакансия. Аналитик тағылымдамасы: кестелермен жұмыс, есеп дайындау және ресми келісімшарт.",kk,0,0-24,synthetic_from_official_risk_patterns
"Ассистент проекта будет вести календарь, готовить документы и протоколы встреч.",ru,0,0-10,synthetic_from_official_risk_patterns
"Новая вакансия. Проводите переводы в интересах третьих лиц за вознаграждение, работа полностью удаленная. Пишите в личные сообщения.",ru,1,1-14,synthetic_from_official_risk_patterns
Удаленно. Оплата составляет пять процентов от оборота. Ваша задача принимать и дробить платежи.,ru,1,1-7,synthetic_from_official_risk_patterns
"Вакансия оператора поддержки: отвечать клиентам в CRM, обучение проходит в офисе компании.",ru,0,0-2,synthetic_from_official_risk_patterns
"Удаленно. Вакансия SMM-менеджера: контент-план, публикации и аналитика. Отбор по портфолио. Пишите в личные сообщения.",ru,0,0-9,synthetic_from_official_risk_patterns
"Удаленно. Вакансия оператора поддержки: отвечать клиентам в CRM, обучение проходит в офисе компании. Байланыс үшін хабарласыңыз.",ru,0,0-2,synthetic_from_official_risk_patterns
"Новая вакансия. Работа волонтером на городском мероприятии, без финансовых операций и доступа к банковским данным.",ru,0,0-12,synthetic_from_official_risk_patterns
Хабарландыру: Стажер-разработчик будет исправлять ошибки в приложении и участвовать в код-ревью. Пишите в личные сообщения.,ru,0,0-17,synthetic_from_official_risk_patterns
"Удаленно. Зарегистрируйте ИП и счет на себя, документы и управление будут у нашего бухгалтера. Подробности после отклика.",ru,1,1-13,synthetic_from_official_risk_patterns
"Подтвердите вход в приложение кодом из SMS, после этого начнется оплачиваемая стажировка.",ru,1,1-18,synthetic_from_official_risk_patterns
Жұмыс ұсынысы. Откройте новый банковский счет на свое имя и передайте логин куратору.,ru,1,1-6,synthetic_from_official_risk_patterns
"Жеке картаңызға ақша қабылдап, оны менеджер көрсеткен шотқа аударыңыз. Әр төлемнен он пайыз аласыз.",kk,1,1-20,synthetic_from_official_risk_patterns
"Срочно. Работа волонтером на городском мероприятии, без финансовых операций и доступа к банковским данным. Байланыс үшін хабарласыңыз.",ru,0,0-12,synthetic_from_official_risk_patterns
Хабарландыру: Откройте новый банковский счет на свое имя и передайте логин куратору. Пишите в личные сообщения.,ru,1,1-6,synthetic_from_official_risk_patterns
"Жұмыс ұсынысы. Ресми келісімшарт қажет емес, тек белсенді картаңыз болса жеткілікті.",kk,1,1-26,synthetic_from_official_risk_patterns
Оплата составляет пять процентов от оборота. Ваша задача принимать и дробить платежи. Подробности после отклика.,ru,1,1-7,synthetic_from_official_risk_patterns
"Удаленно. Ресми келісімшарт қажет емес, тек белсенді картаңыз болса жеткілікті.",kk,1,1-26,synthetic_from_official_risk_patterns
Жұмыс ұсынысы. Менеджер по продажам консультирует клиентов и оформляет заказы только через корпоративную кассу.,ru,0,0-15,synthetic_from_official_risk_patterns
"Жұмыс ұсынысы. Пришлите реквизиты карты, CVV и код подтверждения. Это нужно для подключения зарплатного проекта. Байланыс үшін хабарласыңыз.",ru,1,1-15,synthetic_from_official_risk_patterns
"Зарегистрируйте ИП и счет на себя, документы и управление будут у нашего бухгалтера.",ru,1,1-13,synthetic_from_official_risk_patterns
"Ресми келісімшарт қажет емес, тек белсенді картаңыз болса жеткілікті.",kk,1,1-26,synthetic_from_official_risk_patterns
Математика мұғалімі қажет. Міндеті: сабақ өткізу және үй тапсырмасын тексеру.,kk,0,0-23,synthetic_from_official_risk_patterns
Жұмыс ұсынысы. Приведите двух друзей с банковскими картами и получите дополнительный бонус. Пишите в личные сообщения.,ru,1,1-16,synthetic_from_official_risk_patterns
"Принимайте переводы на свою карту и сразу пересылайте их менеджеру, десять процентов оставляете себе. Байланыс үшін хабарласыңыз.",ru,1,1-0,synthetic_from_official_risk_patterns
"Проводите переводы в интересах третьих лиц за вознаграждение, работа полностью удаленная.",ru,1,1-14,synthetic_from_official_risk_patterns
"Удаленно. Финансовый помощник: распределяйте входящие суммы по нескольким счетам, обучение за пять минут.",ru,1,1-19,synthetic_from_official_risk_patterns
"Новая вакансия. Банкоматтан ақшаны шешіп, куратор айтқан адамға тапсырыңыз. Пишите в личные сообщения.",kk,1,1-27,synthetic_from_official_risk_patterns
"Бағдарламашы тағылымдамасы: код жазу, қателерді түзету және командалық тексеру.",kk,0,0-30,synthetic_from_official_risk_patterns
"Новая вакансия. Интернет-банкингке кіру деректерін кураторға жіберіңіз, операцияларды өзіміз жасаймыз. Пишите в личные сообщения.",kk,1,1-22,synthetic_from_official_risk_patterns
"Новая вакансия. Для оформления сотрудник предоставляет документы в отдел кадров, банковские пароли не требуются. Байланыс үшін хабарласыңыз.",ru,0,0-16,synthetic_from_official_risk_patterns
"Өз атыңызға жаңа шот ашып, логин мен құпиясөзді менеджерге беріңіз.",kk,1,1-24,synthetic_from_official_risk_patterns
Хабарландыру: Математика мұғалімі қажет. Міндеті: сабақ өткізу және үй тапсырмасын тексеру. Пишите в личные сообщения.,kk,0,0-23,synthetic_from_official_risk_patterns
Жұмыс үшін SMS кодын және банк картасының екі жағының суретін жіберу керек.,kk,1,1-23,synthetic_from_official_risk_patterns
"Удаленно. Бағдарламашы тағылымдамасы: код жазу, қателерді түзету және командалық тексеру. Байланыс үшін хабарласыңыз.",kk,0,0-30,synthetic_from_official_risk_patterns
Жұмыс ұсынысы. Оператор склада принимает товар по накладным и ведет учет в системе. Трудовой договор обязателен. Подробности после отклика.,ru,0,0-13,synthetic_from_official_risk_patterns
"Срочно. Вакансия оператора поддержки: отвечать клиентам в CRM, обучение проходит в офисе компании. Подробности после отклика.",ru,0,0-2,synthetic_from_official_risk_patterns
"Удаленно. Получайте деньги от клиентов на личный счет, затем отправляйте их по указанным реквизитам. Байланыс үшін хабарласыңыз.",ru,1,1-3,synthetic_from_official_risk_patterns
"Удаленно. Компания не просит PIN, CVV, SMS-коды или доступ к личному банковскому приложению.",ru,0,0-7,synthetic_from_official_risk_patterns
Удаленно. Менеджер по продажам консультирует клиентов и оформляет заказы только через корпоративную кассу. Подробности после отклика.,ru,0,0-15,synthetic_from_official_risk_patterns
Удаленно. Математика мұғалімі қажет. Міндеті: сабақ өткізу және үй тапсырмасын тексеру.,kk,0,0-23,synthetic_from_official_risk_patterns
"Срочно. Жеке картаңызға ақша қабылдап, оны менеджер көрсеткен шотқа аударыңыз. Әр төлемнен он пайыз аласыз. Подробности после отклика.",kk,1,1-20,synthetic_from_official_risk_patterns
"Удаленно. Компания PIN, CVV, SMS кодын немесе банк қосымшасына кіруді сұрамайды. Байланыс үшін хабарласыңыз.",kk,0,0-26,synthetic_from_official_risk_patterns
"Купим или арендуем вашу банковскую карту. Оплата каждый день, вопросов задавать не нужно.",ru,1,1-11,synthetic_from_official_risk_patterns
"Хабарландыру: Компания PIN, CVV, SMS кодын немесе банк қосымшасына кіруді сұрамайды.",kk,0,0-26,synthetic_from_official_risk_patterns
"Срочно. Интернет-банкингке кіру деректерін кураторға жіберіңіз, операцияларды өзіміз жасаймыз.",kk,1,1-22,synthetic_from_official_risk_patterns
"Подтвердите вход в приложение кодом из SMS, после этого начнется оплачиваемая стажировка. Байланыс үшін хабарласыңыз.",ru,1,1-18,synthetic_from_official_risk_patterns
"Удаленно. Купим или арендуем вашу банковскую карту. Оплата каждый день, вопросов задавать не нужно. Пишите в личные сообщения.",ru,1,1-11,synthetic_from_official_risk_patterns
Удаленно. Банк картаңызды жалға береміз деген ұсыныс: күнделікті табыс және ешқандай құжат жоқ.,kk,1,1-30,synthetic_from_official_risk_patterns
Удаленно. Работа курьером: забираете наличные по адресам и вносите их на чужие карты. Пишите в личные сообщения.,ru,1,1-4,synthetic_from_official_risk_patterns
"Срочно. Требуется кассир в магазин. Официальное трудоустройство, сменный график и фиксированный оклад. Подробности после отклика.",ru,0,0-1,synthetic_from_official_risk_patterns
Откройте новый банковский счет на свое имя и передайте логин куратору.,ru,1,1-6,synthetic_from_official_risk_patterns
"Срочно. Банк сұраса, аударымдар жеке төлемдер деп айтыңыз және жұмыс туралы айтпаңыз. Подробности после отклика.",kk,1,1-28,synthetic_from_official_risk_patterns
"Junior дизайнер іздейміз. Портфолио, тест тапсырмасы және сұхбат міндетті.",kk,0,0-20,synthetic_from_official_risk_patterns
"Дүкенге кассир қажет. Ресми еңбек шарты, ауысымдық кесте және тұрақты жалақы бар. Пишите в личные сообщения.",kk,0,0-21,synthetic_from_official_risk_patterns
"Срочно. Купим или арендуем вашу банковскую карту. Оплата каждый день, вопросов задавать не нужно. Байланыс үшін хабарласыңыз.",ru,1,1-11,synthetic_from_official_risk_patterns
"Сіздің міндетіңіз: түскен ақшаны басқа адамдарға аудару, әр операциядан комиссия аласыз.",kk,1,1-25,synthetic_from_official_risk_patterns
Жұмыс ұсынысы. Оплата составляет пять процентов от оборота. Ваша задача принимать и дробить платежи. Подробности после отклика.,ru,1,1-7,synthetic_from_official_risk_patterns
"Новая вакансия. Ищем платежного агента без опыта: деньги приходят вам, вы переводите дальше и сохраняете комиссию. Подробности после отклика.",ru,1,1-12,synthetic_from_official_risk_patterns
"Жұмыс ұсынысы. Подтвердите вход в приложение кодом из SMS, после этого начнется оплачиваемая стажировка. Байланыс үшін хабарласыңыз.",ru,1,1-18,synthetic_from_official_risk_patterns
Аудармашыға қашықтан жұмыс. Төлем келісімшарт бойынша орындалған мәтін үшін жасалады.,kk,0,0-25,synthetic_from_official_risk_patterns
"Срочно. Банк сұраса, аударымдар жеке төлемдер деп айтыңыз және жұмыс туралы айтпаңыз.",kk,1,1-28,synthetic_from_official_risk_patterns
"CVV мен SMS кодын жіберіңіз, сонда жалақы жүйесіне қосамыз.",kk,1,1-31,synthetic_from_official_risk_patterns
"Срочно. SMM менеджердің міндеті: контент жоспарлау, жариялау және нәтижені талдау. Подробности после отклика.",kk,0,0-28,synthetic_from_official_risk_patterns
"Жұмыс ұсынысы. Ассистент проекта будет вести календарь, готовить документы и протоколы встреч. Пишите в личные сообщения.",ru,0,0-10,synthetic_from_official_risk_patterns
Для верификации сотрудника отправьте SMS-код и фото банковской карты с двух сторон.,ru,1,1-5,synthetic_from_official_risk_patterns
Жұмыс ұсынысы. Банк картаңызды жалға береміз деген ұсыныс: күнделікті табыс және ешқандай құжат жоқ. Байланыс үшін хабарласыңыз.,kk,1,1-30,synthetic_from_official_risk_patterns
"Финансовый помощник: распределяйте входящие суммы по нескольким счетам, обучение за пять минут. Байланыс үшін хабарласыңыз.",ru,1,1-19,synthetic_from_official_risk_patterns
"Удаленно. Дүкенге кассир қажет. Ресми еңбек шарты, ауысымдық кесте және тұрақты жалақы бар. Пишите в личные сообщения.",kk,0,0-21,synthetic_from_official_risk_patterns
"Хабарландыру: Ищем курьера для доставки документов. Маршруты выдаются в приложении, наличные принимать не нужно. Пишите в личные сообщения.",ru,0,0-5,synthetic_from_official_risk_patterns
Нужен преподаватель математики. Обязанности: вести занятия и проверять домашние работы. Байланыс үшін хабарласыңыз.,ru,0,0-3,synthetic_from_official_risk_patterns
"Ищем junior-дизайнера. Нужны портфолио, тестовое задание и собеседование с руководителем.",ru,0,0-0,synthetic_from_official_risk_patterns
Қолдау операторы клиенттердің сұрақтарына CRM жүйесінде жауап береді.,kk,0,0-22,synthetic_from_official_risk_patterns
"Удаленно. Қойма операторы тауарды құжат бойынша қабылдап, жүйеде есеп жүргізеді.",kk,0,0-29,synthetic_from_official_risk_patterns
Новая вакансия. Аудармашыға қашықтан жұмыс. Төлем келісімшарт бойынша орындалған мәтін үшін жасалады. Пишите в личные сообщения.,kk,0,0-25,synthetic_from_official_risk_patterns
"Срочно. Сіздің міндетіңіз: түскен ақшаны басқа адамдарға аудару, әр операциядан комиссия аласыз.",kk,1,1-25,synthetic_from_official_risk_patterns
"Для оформления сотрудник предоставляет документы в отдел кадров, банковские пароли не требуются.",ru,0,0-16,synthetic_from_official_risk_patterns
"Нужен бариста с обучением. Зарплата фиксированная, адрес и БИН работодателя указаны в объявлении. Подробности после отклика.",ru,0,0-11,synthetic_from_official_risk_patterns
"Жұмыс ұсынысы. Kaspi картаңызды бірнеше күнге беріңіз, күн сайын сыйақы төлейміз. Пишите в личные сообщения.",kk,1,1-21,synthetic_from_official_risk_patterns
Нужен преподаватель математики. Обязанности: вести занятия и проверять домашние работы. Пишите в личные сообщения.,ru,0,0-3,synthetic_from_official_risk_patterns
"Интернет-банкингке кіру деректерін кураторға жіберіңіз, операцияларды өзіміз жасаймыз.",kk,1,1-22,synthetic_from_official_risk_patterns
"Хабарландыру: Купим или арендуем вашу банковскую карту. Оплата каждый день, вопросов задавать не нужно. Подробности после отклика.",ru,1,1-11,synthetic_from_official_risk_patterns
Нужен преподаватель математики. Обязанности: вести занятия и проверять домашние работы.,ru,0,0-3,synthetic_from_official_risk_patterns
"Жұмыс ұсынысы. Передайте доступ к интернет-банкингу, мы сами проведем операции и заплатим вечером. Пишите в личные сообщения.",ru,1,1-2,synthetic_from_official_risk_patterns
Хабарландыру: Еңбек шартына қол қойылғаннан кейін жалақы айына бір рет төленеді.,kk,0,0-27,synthetic_from_official_risk_patterns
Хабарландыру: Оператор склада принимает товар по накладным и ведет учет в системе. Трудовой договор обязателен.,ru,0,0-13,synthetic_from_official_risk_patterns
"Удаленно. Өз атыңызға жаңа шот ашып, логин мен құпиясөзді менеджерге беріңіз. Подробности после отклика.",kk,1,1-24,synthetic_from_official_risk_patterns
Жұмыс үшін SMS кодын және банк картасының екі жағының суретін жіберу керек. Пишите в личные сообщения.,kk,1,1-23,synthetic_from_official_risk_patterns
Новая вакансия. Еңбек шартына қол қойылғаннан кейін жалақы айына бір рет төленеді.,kk,0,0-27,synthetic_from_official_risk_patterns
Жұмыс ұсынысы. Ищем фотографа на один день. Оплата после съемки по договору оказания услуг. Байланыс үшін хабарласыңыз.,ru,0,0-14,synthetic_from_official_risk_patterns
Хабарландыру: Стажер-разработчик будет исправлять ошибки в приложении и участвовать в код-ревью. Подробности после отклика.,ru,0,0-17,synthetic_from_official_risk_patterns
"Срочно. Получайте деньги от клиентов на личный счет, затем отправляйте их по указанным реквизитам. Пишите в личные сообщения.",ru,1,1-3,synthetic_from_official_risk_patterns
Нужна ваша карта Kaspi на пару дней. За каждый входящий платеж получите процент. Пишите в личные сообщения.,ru,1,1-1,synthetic_from_official_risk_patterns
"Хабарландыру: Если банк спросит о переводах, скажите, что это личные расчеты. Не упоминайте работодателя.",ru,1,1-17,synthetic_from_official_risk_patterns
Менеджер по продажам консультирует клиентов и оформляет заказы только через корпоративную кассу.,ru,0,0-15,synthetic_from_official_risk_patterns
"Новая вакансия. Подработка промоутером: раздача листовок два часа, расчет официально после смены. Байланыс үшін хабарласыңыз.",ru,0,0-19,synthetic_from_official_risk_patterns
"Ищем junior-дизайнера. Нужны портфолио, тестовое задание и собеседование с руководителем. Байланыс үшін хабарласыңыз.",ru,0,0-0,synthetic_from_official_risk_patterns
Новая вакансия. Удаленная работа переводчиком. Оплата по договору после сдачи согласованного объема текста. Пишите в личные сообщения.,ru,0,0-6,synthetic_from_official_risk_patterns
"Хабарландыру: Проводите переводы в интересах третьих лиц за вознаграждение, работа полностью удаленная. Подробности после отклика.",ru,1,1-14,synthetic_from_official_risk_patterns
